idx,path_found,traj_success,contact_free,door_opened,door_width,door_height,x,y,z,rot_z,state_angle,axis_pos
0,True,True,True,True,0.3184996646689734,0.6854406294039961,-0.22462121216488284,0.5920569423231694,0.36872031470199806,22.085631277406094,-9.94394654477193,-1.0
1,True,True,True,True,0.3014355816880533,0.2629862502110655,-0.6623089062046804,0.5049692855773832,0.15749312510553273,71.21867652061562,-10.513093079731606,-1.0
2,True,True,True,True,0.23035266590755016,0.21919262734196981,-0.521316675488864,0.1928190137732846,0.1355963136709849,-155.02544362892868,-13.813621614568406,-1.0
3,True,True,True,True,0.36806709406260774,0.5312532941440824,0.18206392215508072,0.7262908139140065,0.2916266470720412,59.61634790045028,-8.593853822844896,-1.0
4,True,True,True,False,0.3327847281399988,0.3250821926498839,-0.5570875289789168,0.4448530094197968,0.18854109632494195,161.74821392195219,-9.513036281855804,-1.0
5,True,True,True,True,0.2598652512235518,0.26303403125612684,-0.5903674786859722,0.10277603105570582,0.15751701562806342,-101.30136055861495,-12.218955624797516,-1.0
6,True,True,True,True,0.5283545760101286,0.2567800654650225,-0.5140053970606862,0.6601255149111376,0.15439003273251126,112.30742626239157,-5.975129600442639,-1.0
7,True,True,True,True,0.2981292429846375,0.21511132283421358,0.3807849100684586,0.18637866872037478,0.13355566141710679,80.48701605519886,-10.631035250917732,-1.0
8,True,True,True,True,0.29325681313152635,0.331653676128916,-0.3199291636409101,0.7150360265253979,0.191826838064458,73.11648593621061,-10.809776687592848,-1.0
9,True,True,True,True,0.3644772882792703,0.3591852221384314,-0.6778308908885448,0.04069319651481321,0.2055926110692157,143.56226615686273,-8.679146448498498,-1.0
10,True,True,True,True,0.3282628584943885,0.3167880386853742,0.19000458780080853,0.6797243418426633,0.1843940193426871,24.864193336485414,-9.645323075354646,-1.0
11,True,True,True,True,0.312164087090679,0.4226139218568278,0.42000884826652674,0.4212233105104589,0.23730696092841388,112.19621522183127,-10.147880666396654,-1.0
12,True,True,True,True,0.32364524651135296,0.5160821112030252,0.6911980936544508,0.44895273732812935,0.2840410556015126,-49.89699514801862,-9.784281471708166,-1.0
13,True,True,True,True,0.2716894453829487,0.5314240286672994,0.07240245959327174,0.36170096113193617,0.29171201433364974,162.27955490278208,-11.679505264141872,-1.0
14,True,True,True,True,0.33862652287660366,0.23687752817698626,-0.3298534604457964,0.38137656898391276,0.14443876408849313,-138.41502325274809,-9.347437722149431,-1.0
15,True,True,True,True,0.2125198109039996,0.7722298010333095,-0.7485555771867566,0.4706506911585587,0.4121149005166548,142.0520802550691,-14.998834841078638,-1.0
16,True,True,True,True,0.3467350139946378,0.7237038030194227,0.7312019761563753,0.5006578571958537,0.3878519015097114,-10.444963815466025,-9.126954465229796,-1.0
17,True,True,True,True,0.3484194955621194,0.38136570079521354,0.19040651751684956,0.6954450440101847,0.21668285039760676,64.88813732419405,-9.082454674749195,-1.0
18,True,True,True,True,0.22415055390893512,0.32673456514337373,0.5583248124303237,0.34972446758226117,0.18936728257168686,-56.234490936847706,-14.203747714290273,-1.0
19,True,True,True,True,0.3554097094011227,0.5688000537238992,-0.34781188265107676,0.49216172452977636,0.3104000268619496,147.0678974921389,-8.902354064428842,-1.0
20,True,True,True,True,0.21458210037472014,0.6478184815473808,0.09013290205324487,0.6582548332522831,0.3499092407736904,77.61305229752219,-14.851350254686269,-1.0
21,True,True,True,True,0.48948329994013,0.7056560979925544,-0.673050787317022,0.6686552808811387,0.3788280489962772,95.76511698760436,-6.451572310557878,-1.0
22,True,True,True,True,0.24406950125140173,0.7940817309434103,-0.272731804547811,0.5095045294994203,0.42304086547170516,137.7302204160664,-13.023204354430328,-1.0
23,True,True,True,True,0.30372894048039123,0.6228184874639454,-0.1891622003264528,0.522910583358684,0.33740924373197273,-173.53000071681475,-10.432819504396226,-1.0
24,True,True,True,True,0.22154451621528595,0.5525664668520704,0.5677111075666073,0.547173188394923,0.30228323342603525,36.33321209712636,-14.374400517082984,-1.0
25,True,True,True,False,0.2292952708544183,0.5677021991117766,-0.41951278747910536,0.5958413092320032,0.3098510995558883,149.81702867085647,-13.878595821710356,-1.0
26,True,True,True,True,0.22140174658283543,0.5986123724935233,-0.3590041144589002,0.5752585057956923,0.32530618624676166,-167.8217086381581,-14.38386946277554,-1.0
27,True,True,True,True,0.30343715500565704,0.5291815616533023,-0.6754310285994893,0.4633547385288286,0.2905907808266512,96.11119815973586,-10.442964245003987,-1.0
28,True,True,True,True,0.2562682880202908,0.4697935429224904,-0.30301024755375383,0.7273505022468958,0.26089677146124524,80.9522353330899,-12.39316583446945,-1.0
29,True,True,True,True,0.2479581423855741,0.21430637430770405,0.09885846261798759,0.5799394838058594,0.13315318715385202,167.3590894185391,-12.815461117347546,-1.0
30,True,True,True,True,0.20520808429421647,0.35390280745868863,0.5650115018816544,0.48693336789414576,0.2029514037293443,-31.66008771948833,-15.546516680537641,-1.0
31,True,True,True,True,0.21100926417202276,0.22952211240346965,-0.6288581397089492,0.1124150901534853,0.14076105620173482,-179.90981186939223,-15.108756759095563,-1.0
32,True,True,True,True,0.29485056840313,0.5664047594872443,-0.48785269996083613,0.41154140464901945,0.3092023797436222,114.91152263419531,-10.750649148477505,-1.0
33,True,True,True,True,0.21571946468223846,0.5102764132295099,-0.19660421096693548,0.6004007296415623,0.28113820661475497,34.64522524163553,-14.771260377308517,-1.0
34,True,True,True,True,0.4400255859412,0.34988356723149583,-0.561164422613627,0.6969480185571775,0.2009417836157479,84.05956227573404,-7.180336046032978,-1.0
35,True,True,True,True,0.35306918606029736,0.2752424158936393,-0.7386593719446842,0.4332764350193655,0.16362120794681964,83.26269692005343,-8.961852848002286,-1.0
36,False,False,True,False,0.42646959320015654,0.761051767539525,0.1486425649483436,0.39146559024937133,0.4065258837697625,135.28207315992807,-7.409835000142708,-1.0
37,True,True,True,True,0.2207977236511257,0.345354513139574,0.3814940440913057,0.3784356118593927,0.198677256569787,-20.01833098439107,-14.424070192459151,-1.0
38,True,True,True,True,0.23291040647776795,0.6420058229243759,-0.5869428890047035,0.46130232493313866,0.347002911462188,147.31845530030125,-13.658967242036697,-1.0
39,True,True,True,True,0.23121752730286993,0.7534683750567821,-0.4160507996411644,0.2037989308523099,0.4027341875283911,-169.42726211882683,-13.760933228689938,-1.0
40,True,True,True,True,0.294197649835678,0.2947406531608693,-0.19105340998190967,0.3290209353973148,0.17337032658043464,-160.9534918336096,-10.774793239567044,-1.0
41,True,True,True,True,0.2175073532471069,0.4643196878937211,-0.0865514809267165,0.5791512277888757,0.25815984394686053,46.51717445557452,-14.647113974072148,-1.0
42,True,True,True,True,0.32592771433174067,0.6175615911830444,0.6889694514414431,0.43599394096965394,0.33478079559152224,-35.378562179939024,-9.715095547010396,-1.0
43,True,True,True,True,0.33078524230007356,0.3606423352380711,-0.2245717829687628,0.7402567534120674,0.20632116761903554,55.63658150649897,-9.571078624715808,-1.0
44,True,True,True,True,0.2899926920828898,0.2936570445638095,-0.1614974601845286,0.6553025158003745,0.17282852228190473,84.2861707228817,-10.932940044870655,-1.0
45,True,True,True,True,0.3052204694828854,0.3126960894887057,0.5823603402905952,0.07013049381943606,0.18234804474435284,84.49972723716769,-10.381270404222377,-1.0
46,True,True,True,True,0.3470430289158453,0.5402599185980944,0.13824687102981448,0.6458164698729851,0.29612995929904723,97.46456155917843,-9.118784792510246,-1.0
47,True,True,True,True,0.20565680565768418,0.7478596766549996,-0.16185421561796765,0.5721991812658851,0.39992983832749984,161.77006883181446,-15.511741027144758,-1.0
48,True,True,True,True,0.24044020653003334,0.49793517240367363,-0.35964453883138636,0.02897633804010402,0.2749675862018368,-104.00954672818094,-13.223319519779645,-1.0
49,True,True,True,True,0.46927485433324817,0.5296593981272504,0.29606648692796567,0.31445249778263906,0.2908296990636252,116.42455976715303,-6.730655360789389,-1.0
50,True,True,True,True,0.45503474244013425,0.4406369537587539,-0.06080987947913041,0.44080146005994836,0.24631847687937694,166.90040649244435,-6.94230914165099,-1.0
51,True,True,True,True,0.38171997869140895,0.27587672037356403,-0.0957530338847381,0.3295648317569516,0.163938360186782,167.57146587625755,-8.284278486314895,-1.0
52,True,True,True,True,0.30380976174984314,0.48234511446123135,0.1253078981964314,0.3585537454883258,0.26717255723061567,161.1986359885663,-10.430013030935116,-1.0
53,True,True,True,True,0.21442953751882282,0.7652750490224369,0.39170673431219294,0.4661718329926874,0.4086375245112185,19.906083992969286,-14.862160182020608,-1.0
54,True,True,True,True,0.3549663714882333,0.541855286899372,0.3249364530687582,0.2837933786489216,0.29692764344968603,101.60612682778333,-8.913563244456984,-1.0
55,True,True,True,True,0.293384919284416,0.32743018640512467,0.07423212273645963,0.3492927942977744,0.18971509320256233,144.88138195527074,-10.804999837706385,-1.0
56,True,True,True,True,0.23444663950155264,0.6038247084538988,-0.46373367847444963,0.7458358344892018,0.3279123542269494,52.78832794362023,-13.567748258796009,-1.0
57,True,True,True,True,0.5369817455580839,0.5909473198001163,-0.15537962970331176,0.30902414322450467,0.32147365990005816,-179.99973711615922,-5.878791843584118,-1.0
58,True,True,True,True,0.20920006135114103,0.42288069724523025,-0.1075440282556317,0.5421360219213129,0.23744034862261512,41.16414522672406,-15.242577842286124,-1.0
59,True,True,True,True,0.24870266114257,0.22352826392867178,-0.5375206112752431,0.5918305573778853,0.1377641319643359,117.25808053584973,-12.776446795405569,-1.0
60,True,True,True,True,0.345682026093003,0.5364135658509739,-0.23719651756466809,0.602184684082356,0.29420678292548696,121.81687273323826,-9.154994908493792,-1.0
61,True,True,True,True,0.293911860580998,0.4972405542798523,0.058099225812100475,0.5694050781675395,0.27462027713992615,163.73016900225548,-10.78539572403589,-1.0
62,True,True,True,True,0.2355900836663085,0.35608568620993564,0.3090371013114537,0.4783532503392352,0.2040428431049678,63.41997883677769,-13.500647089438266,-1.0
63,True,True,True,True,0.45576580587796606,0.6094247631573615,-0.4596434261148298,0.6369986311873926,0.33071238157868077,38.91020164881883,-6.931118763810443,-1.0
64,True,True,True,True,0.26910508906761627,0.31609236005542646,-0.5724888674536452,0.05791405596524793,0.18404618002771322,129.78482467973856,-11.79327291660965,-1.0
65,False,False,True,False,0.2764747607345138,0.7217386519261855,-0.31855964753199617,0.3603325806245016,0.38686932596309276,-140.78906457202055,-11.474580534124334,-1.0
66,True,True,True,True,0.2762569925911689,0.7049111982695415,-0.3807552794593271,0.7424629690632997,0.3784555991347708,51.325246641090416,-11.483748776635672,-1.0
67,True,True,True,True,0.3212537942019753,0.5391739159719982,0.3582479225287989,0.6147298538670103,0.2955869579859991,75.28280415672242,-9.85784137407736,-1.0
68,True,True,True,True,0.21187802311146184,0.26150367124013235,0.08558903844588517,0.6707143183950619,0.15675183562006617,92.67947647972409,-15.045339082922153,-1.0
69,True,True,True,True,0.27049466086151347,0.7643000519155183,-0.32801369044346407,0.6842998167297626,0.4081500259577592,117.14965497092845,-11.731825637430223,-1.0
70,True,True,True,True,0.3981093535623712,0.3494842773564949,-0.5629016568384435,0.5689791726863604,0.20074213867824744,89.37764249757572,-7.94098216358312,-1.0
71,True,True,True,True,0.41436226302369716,0.28310127166868754,0.10472709418765858,0.507694945866594,0.16755063583434376,119.36360167692578,-7.627613922273803,-1.0
72,True,True,True,True,0.37772730014587885,0.7971305888844995,0.5483592911613457,0.4541444978047064,0.4245652944422498,24.51364856507493,-8.372470804577498,-1.0
73,True,True,True,True,0.23704584139983176,0.2263317346567271,0.04070527872885987,0.6933304079073912,0.13916586732836356,12.23304656046281,-13.41618184381443,-1.0
74,True,True,True,True,0.31491234230756854,0.7481720014550479,0.18499433064357795,0.6327298707380375,0.400086000727524,91.20423212900522,-10.058394290441411,-1.0
75,True,True,True,True,0.3653543329144586,0.5192415757687903,0.6182635764883935,0.4686667708537622,0.28562078788439516,-35.5404374323833,-8.65815163589791,-1.0
76,True,True,True,True,0.2865838115641254,0.5829431228321491,0.42993445857189005,0.5949142251624288,0.3174715614160746,60.278965904013944,-11.064617102286864,-1.0
77,True,True,True,True,0.2512340103758687,0.2508622391124101,0.5027689887385094,0.6960417256090394,0.15143111955620506,10.96915805430217,-12.645572371921391,-1.0
78,True,True,True,True,0.31589622104812637,0.21461183749230892,-0.48597191478174223,0.2456748249958192,0.13330591874615447,-140.26197962615976,-10.026742495029096,-1.0
79,True,True,True,True,0.3961197627439953,0.4434636851783411,-0.4692527165303749,0.2073770943992267,0.24773184258917055,-146.1180764936125,-7.981126662927525,-1.0
80,True,True,True,True,0.5889266134311577,0.49481764356530683,-0.6996610831155996,0.6600961377727144,0.2734088217826534,82.57164899303507,-5.3586756462900595,-1.0
81,True,True,True,True,0.216921487642194,0.41729016734048635,-0.248161974686258,0.3298164688420243,0.23464508367024317,-156.61865697446342,-14.687561804483282,-1.0
82,True,True,True,True,0.3898707164883348,0.49715609627697227,-0.036761055971919254,0.5697628864294965,0.27457804813848613,131.106187132189,-8.109906502133608,-1.0
83,True,True,True,True,0.26062305831799265,0.41163401090521806,0.04939886593564258,0.6826458468614941,0.23181700545260903,134.91108142190956,-12.182880731385334,-1.0
84,True,True,True,True,0.3477768418092171,0.49643065939083847,-0.18492627068163725,0.41271071659277647,0.27421532969541923,179.4461081885479,-9.099380468623696,-1.0
85,True,True,True,True,0.31257999509190615,0.36253661058848285,-0.41515964447954357,0.3139402684125547,0.20726830529424142,-149.1692341291728,-10.134235560585921,-1.0
86,True,True,True,True,0.21505696360688084,0.6513682658645532,-0.6835857895463099,0.19451381305097576,0.3516841329322766,-179.53289834992074,-14.817805157404628,-1.0
87,True,True,True,True,0.3673367848126624,0.5156539092147665,-0.6751550610765348,0.4880086381138196,0.2838269546073833,85.65086781737989,-8.611069108560049,-1.0
88,True,True,True,True,0.5185520277283066,0.21186823276923464,-0.46307302350590673,0.7199554187527419,0.13193411638461733,100.38867705304511,-6.088504689057674,-1.0
89,True,True,True,True,0.45081624943034676,0.49046781467222245,-0.13139330995744625,0.3699809401025764,0.27123390733611125,169.44530538645438,-7.0075958212695175,-1.0
90,True,True,True,False,0.25182577748565127,0.6685934607735583,-0.25761875643232873,0.7216499098641559,0.3602967303867792,20.014116621913672,-12.61536614731604,-1.0
91,True,True,True,True,0.23179219009373517,0.6985111880794743,0.3241539149550019,0.042235604909216795,0.3752555940397372,90.20500476997057,-13.726148014793695,-1.0
92,True,True,True,True,0.29869857293972923,0.4861676487309037,0.007825903769065334,0.7489750583954827,0.26908382436545186,95.42618265150935,-10.610537028770217,-1.0
93,True,True,True,True,0.3679800808365793,0.6733563780078775,0.09713529339892446,0.6558441109080669,0.3626781890039388,95.8316449977537,-8.595901323832765,-1.0
94,True,True,True,True,0.21932903359673858,0.37017891826064064,-0.35247234714062514,0.5096510628819615,0.21108945913032032,82.49919021558577,-14.522773378263484,-1.0
95,True,True,True,True,0.2030337877438645,0.4874662141767796,0.7056553826214831,0.22222192138754962,0.2697331070883898,31.717266629333352,-15.717285850541368,-1.0
96,True,True,True,True,0.3039932156867372,0.6881278826867727,0.5205284956905423,0.32038325154366054,0.3700639413433864,-11.778986300007489,-10.42364832717486,-1.0
97,True,True,True,True,0.2080345375762166,0.30158305453382483,-0.42625689670470135,0.3873192517266303,0.1767915272669124,-175.2777316094354,-15.330066714242005,-1.0
98,True,True,True,True,0.24716235053881244,0.3362714323794441,0.7290928237086367,0.47158229345779634,0.19413571618972206,-35.36352602825181,-12.85742888250168,-1.0
99,True,True,True,True,0.2887345515383398,0.6233712452444866,0.18675611234088285,0.593888502123745,0.33768562262224333,110.27937558084164,-10.981170233252959,-1.0
100,True,True,True,True,0.23324011569700778,0.6687706779554341,-0.3847360707216432,0.373665284689776,0.3603853389777171,-142.39123831396535,-13.63928540239384,-1.0
101,True,True,True,True,0.2835207368143276,0.23158629745140594,-0.6096494674534132,0.42329171522264675,0.14179314872570298,74.66108868549213,-11.185689574851681,-1.0
102,True,True,True,True,0.2524916899620323,0.25887397687983393,0.2827496195199779,0.4751091109416533,0.15543698843991696,32.708496822508266,-12.581548778286503,-1.0
103,True,True,True,True,0.2902448248648396,0.665041873967303,-0.17780727304506483,0.660588203995423,0.3585209369836515,60.1363803316267,-10.923325892731821,-1.0
104,True,True,True,True,0.2190310095525303,0.4473551894664034,-0.5736419795809665,0.7388899208615074,0.2496775947332017,56.071362710441974,-14.542969027538787,-1.0
105,True,True,True,True,0.40358334514016236,0.27417198696042555,0.6972324029730119,0.30051351694989625,0.16308599348021277,-57.71052219571112,-7.832594119096771,-1.0
106,True,True,True,True,0.2570251829416929,0.2534107893203125,0.4717601555220088,0.5311038851284678,0.15270539466015626,88.75811597627927,-12.356092702392564,-1.0
107,False,False,True,False,0.4469911303514641,0.7565086916077988,0.3805783095360453,0.11760840924085936,0.4042543458038994,107.50632106015354,-7.067867923147189,-1.0
108,True,True,True,True,0.40240526923473985,0.6612112786364095,-0.7318045989711306,0.4778483909132133,0.35660563931820477,76.6700021731159,-7.855669268590412,-1.0
109,True,True,True,True,0.36027098719674117,0.39323156933266246,-0.46075249795429063,0.728039894448165,0.22261578466633122,55.91412352800626,-8.781274980459186,-1.0
110,True,True,True,True,0.2267725112423339,0.2648640587041427,0.7388997421472863,0.2572736258181427,0.15843202935207135,-12.158127815014922,-14.036135972703944,-1.0
111,False,False,True,False,0.5029752802510447,0.7373724630393037,-0.36565884568805923,0.13006136323723158,0.3946862315196519,-130.97418499747027,-6.277807530079301,-1.0
112,True,True,True,True,0.36576700558144004,0.7858206142633715,-0.716627333686339,0.257335839609894,0.41891030713168576,126.68361189002724,-8.648308258180682,-1.0
113,True,True,True,True,0.3791090507642454,0.5535912797192435,0.49881747419718425,0.6502675935538907,0.30279563985962177,-13.62286128907806,-8.341737538545987,-1.0
114,True,True,True,True,0.20386508915636467,0.27107333139884643,0.490379597101263,0.6588761290070013,0.1615366656994232,18.099718421848678,-15.651548491290976,-1.0
115,True,True,True,True,0.25017563489536054,0.6181201833097031,-0.34768329424413236,0.7193660248637038,0.33506009165485157,79.6556849994675,-12.699961556314655,-1.0
116,True,True,True,True,0.21315049816013765,0.30770173193654565,-0.21543442873941498,0.7235309894166919,0.17985086596827282,99.82968131771878,-14.953417532944192,-1.0
117,True,True,True,True,0.22082991296437882,0.3481902812866047,-0.2903840514770867,0.7202546094608782,0.20009514064330233,108.36053307203048,-14.42192210273464,-1.0
118,True,True,True,True,0.3332859627006516,0.42527075217111565,-0.3389990378519844,0.6250589603600998,0.23863537608555782,28.627416732333984,-9.498596833281576,-1.0
119,True,True,True,True,0.2182229857992104,0.6811887171475126,0.7184527452471583,0.6773114751459658,0.36659435857375633,-12.940644929794956,-14.59801180100549,-1.0
120,True,True,True,True,0.26170084209283134,0.6992770644175381,0.3125459695272279,0.6775412799704535,0.3756385322087691,-7.880808835377508,-12.131941785484306,-1.0
121,True,True,True,True,0.3067323538329134,0.3160872402679007,0.6864165713401915,0.607957064456624,0.18404362013395034,26.581285541795637,-10.32953797915545,-1.0
122,True,True,True,True,0.2477899586336481,0.6692446841459718,-0.4995671234879615,0.3388790375458578,0.36062234207298594,70.04620852195728,-12.82430759560917,-1.0
123,True,True,True,True,0.2040185458391399,0.7779526177328178,-0.2257167944316456,0.6432919422687526,0.4149763088664089,63.004533779761005,-15.639474371251085,-1.0
124,True,True,True,True,0.2189175603933701,0.6525891727144404,-0.46212008960847,0.06911336409755148,0.3522945863572202,-138.5308689720742,-14.550671865179165,-1.0
125,True,True,True,True,0.26517755240703667,0.5446589422624133,0.4039545843072432,0.3659403113576082,0.29832947113120667,86.54868385159301,-11.970509493304187,-1.0
126,True,True,True,True,0.27235989956989404,0.30610588860885374,-0.19960229203075408,0.582252439751178,0.17905294430442686,97.47642734855606,-11.650351004875267,-1.0
127,True,True,True,True,0.3885024745467711,0.4609150975558959,-0.2972550639266016,0.6714236128577392,0.25645754877794796,103.85981979296889,-8.138661575766921,-1.0
128,True,True,True,True,0.21980734702945495,0.6762339610652048,0.14961315364342231,0.5852377218673097,0.36411698053260244,63.82261268964541,-14.490478698951998,-1.0
129,True,True,True,True,0.27666957974141454,0.3123520984652199,0.607060615988805,0.16257177473355158,0.18217604923260994,62.53539992089077,-11.466390954979808,-1.0
130,True,True,True,True,0.4366102273720564,0.7268425172698625,-0.16185411149548168,0.710816119613622,0.38942125863493127,110.30204360477018,-7.236803230857513,-1.0
131,True,True,True,True,0.3959445334390521,0.36334443465614796,-0.25215985117154555,0.6645595157512489,0.20767221732807398,81.39112689012802,-7.9846818317709,-1.0
132,True,True,True,True,0.26825648231203086,0.6535942626184847,0.472499257647774,0.6556953916848244,0.3527971313092424,-2.2936636669905965,-11.831118494459524,-1.0
133,True,True,True,True,0.4230989610646937,0.5433163229141846,-0.6891938505929242,0.7330962273363945,0.29765816145709234,93.10875476942209,-7.469201028063861,-1.0
134,True,True,True,True,0.31254701485668346,0.2323215529890271,0.3202128011856771,0.17075749127311893,0.14216077649451356,92.04159648278056,-10.135316228976027,-1.0
135,False,False,True,False,0.26853144529197615,0.7945155506738626,0.3127441520593348,0.4048320655800588,0.4232577753369313,136.0376145999159,-11.818829116437039,-1.0
136,True,True,True,True,0.20168232121706278,0.435443593292589,0.11957141784980119,0.32813668942004814,0.2437217966462945,151.5509534756535,-15.825359447731996,-1.0
137,True,True,True,True,0.2115021696844609,0.3183045091528997,-0.32487445111215485,0.47768119778877693,0.18515225457644985,148.94841826724638,-15.072709376119201,-1.0
138,True,True,True,True,0.23856109074001292,0.47501378357326435,0.16594744458368105,0.40474976758773973,0.26350689178663217,147.3367079149129,-13.329390656157363,-1.0
139,True,True,True,True,0.28157468094103544,0.6285870298729557,0.7075075657609802,0.3022600963618434,0.34029351493647786,-53.87583142207909,-11.264005559472341,-1.0
140,True,True,True,True,0.2609677886034287,0.30469177984444007,0.46785887822960337,0.4205962088019708,0.17834588992222003,127.39635114501868,-12.166541025953975,-1.0
141,True,True,True,True,0.20155775271406795,0.5385019882057597,0.09194347508080503,0.6289968364041165,0.29525099410287986,30.878746715713163,-15.835396772553581,-1.0
142,True,True,True,True,0.30916681542024504,0.7439600489007159,0.5685373798459343,0.23280555755975574,0.39798002445035796,-50.99541984453549,-10.247318345313893,-1.0
143,True,True,True,True,0.27255219879452697,0.32701223916410826,-0.6988686554131411,0.004454345525570974,0.18950611958205413,101.46386671958112,-11.64201603179329,-1.0
144,True,True,True,True,0.34235025590576995,0.499653293167517,0.228566907043682,0.3651018375238724,0.2758266465837585,119.8419833664941,-9.244869257588173,-1.0
145,True,True,True,True,0.38969337930536535,0.2441521603084054,0.05327455902906186,0.723147916934343,0.1480760801542027,15.304976373646639,-8.113621928094487,-1.0
146,True,True,True,True,0.27041920329384694,0.7722969613131423,0.6990168345342724,0.5615143969337691,0.41214848065657117,4.358663773012637,-11.735145828035822,-1.0
147,True,True,True,True,0.30452129378954856,0.6662249370612969,-0.7007944284276386,0.3060795069988201,0.3591124685306485,125.09633743038341,-10.405370852031657,-1.0
148,True,True,True,True,0.22314611678940188,0.6125263540960548,-0.546080311793182,0.3029837772588546,0.33226317704802744,120.4730332334637,-14.269034533314509,-1.0
149,True,True,True,True,0.39006861306000273,0.5031297086194986,-0.24200465281935246,0.27642707339746253,0.2775648543097493,-161.74835583723504,-8.105764361361839,-1.0
150,True,True,True,True,0.281882676070207,0.6867556623243315,0.6667675295035695,0.2873956800044792,0.36937783116216577,22.960805178616027,-11.25153732483378,-1.0
151,True,True,True,True,0.24280409009326434,0.23751342116368335,0.20962731262802148,0.6669276553836408,0.14475671058184167,122.89629574791098,-13.092279982332641,-1.0
152,True,True,True,True,0.2882280073237404,0.6246397049240009,0.6172840909889747,0.25791084972234896,0.33831985246200047,-59.049189455861224,-11.000709480454253,-1.0
153,True,True,True,True,0.2393424769389746,0.7759657404977387,-0.04669271016967236,0.6268679011983226,0.4139828702488694,8.84179172389804,-13.285075532246081,-1.0
154,True,True,True,True,0.3085022889946973,0.3887447756473714,0.601129711743543,0.3823878384266618,0.2203723878236857,26.348241319216925,-10.26963067290083,-1.0
155,True,True,True,True,0.4781687570763158,0.6106042314003167,0.690844459432469,0.4895549246355942,0.3313021157001584,2.0826464259305055,-6.604902808723894,-1.0
156,True,True,True,True,0.24417173678997145,0.24740994463523755,-0.4023415988671629,0.3895391320675292,0.14970497231761878,125.0119768733885,-13.017655668376877,-1.0
157,True,True,True,True,0.23087905674270726,0.3660190152121203,0.04762726533635042,0.5910571362108721,0.20900950760606016,52.81777751404135,-13.781504831091745,-1.0
158,True,True,True,True,0.30700792971843244,0.5029596928801503,-0.6914325373503103,0.5270634097977562,0.2774798464400752,134.60139169320712,-10.320164360700728,-1.0
159,True,True,True,True,0.2045250881694988,0.6576394231752796,0.29252705684467073,0.5731985769880499,0.3548197115876398,-7.504428605735228,-15.599752767088694,-1.0
160,True,True,True,True,0.27725637773564116,0.513864080627914,0.5355408413177349,0.3991519576690892,0.282932040313957,7.872823543850814,-11.441794776621208,-1.0
161,True,True,True,True,0.20876413668087823,0.41700687155954097,0.1175451292676033,0.669046578214448,0.23450343577977048,130.75169241203884,-15.27518146364603,-1.0
162,True,True,True,True,0.42894797799558937,0.5803638767426691,0.5886289471759576,0.46922854212335674,0.31618193837133457,-26.537902829296712,-7.366784104841153,-1.0
163,True,True,True,True,0.2549989270889634,0.5541794493128616,0.41268407123076645,0.3974473512455611,0.3030897246564308,-23.508595837848873,-12.455845875325279,-1.0
164,True,True,True,False,0.40689040608676386,0.25152582497251036,0.039705197681680016,0.3716228751091245,0.15176291248625517,154.03451322068304,-7.768538930903234,-1.0
165,True,True,True,True,0.2939923976475517,0.7600528451902069,0.44743226975343675,0.6712929759590754,0.40602642259510346,13.503180467886239,-10.782405758731855,-1.0
166,True,True,True,True,0.21494639199480542,0.48563687464015864,-0.3785424463479361,0.512506018486006,0.2688184373200793,165.3746606213905,-14.825602410754275,-1.0
167,True,True,True,True,0.2925351916611077,0.6303028605048249,-0.4713142176302187,0.3816341993451515,0.34115143025241246,-166.08358448725556,-10.836764253767848,-1.0
168,True,True,True,True,0.26129081725813824,0.5453764662721572,0.36930188380939555,0.6261592074030464,0.2986882331360786,81.76515166974963,-12.151269983222704,-1.0
169,True,True,True,True,0.3922661425115139,0.7945910672608223,-0.23011905278077305,0.7467807462204691,0.42329553363041117,73.39728269274246,-8.060051941116946,-1.0
170,True,True,True,True,0.40379856637505096,0.6182615204360817,0.463071654324823,0.1746883603423691,0.3351307602180409,91.74149921948703,-7.828393231872188,-1.0
171,True,True,True,True,0.48186063136763796,0.5093115732140514,0.5952693517665977,0.6015490054873966,0.2806557866070257,34.01412978513051,-6.554075233748473,-1.0
172,True,True,True,True,0.5308629044754746,0.2576312846761738,-0.6619321770834827,0.6705074736794134,0.1548156423380869,112.33939072469326,-5.946795036490826,-1.0
173,True,True,True,True,0.20346281256467869,0.4704903169497748,0.5647386069797875,0.5774626377697043,0.2612451584748874,21.55850045153457,-15.683289855963741,-1.0
174,True,True,True,True,0.23106891878585978,0.44603923644942417,0.24721586560485598,0.6069426047389301,0.24901961822471208,-5.045613744655782,-13.769957729824428,-1.0
175,True,True,True,True,0.3445803046987731,0.515537323080121,-0.37665208498197855,0.47453381041153253,0.28376866154006053,165.31825724525743,-9.18451894180512,-1.0
176,True,True,True,True,0.26595818532340876,0.2899717916735266,0.6722948685198968,0.5578278808884167,0.1709858958367633,4.168596077904851,-11.934856040433846,-1.0
177,True,True,True,True,0.4088550209357864,0.7719724016036402,-0.7422398899012599,0.48805130825410875,0.41198620080182013,113.8184676938236,-7.730981071020102,-1.0
178,True,True,True,True,0.2973899685539393,0.5464530147206338,0.6843939620202839,0.5801378027823981,0.2992265073603169,30.027377230119697,-10.657771365132835,-1.0
179,True,True,True,True,0.20917552761550495,0.6954703211980344,-0.39965447247167846,0.5620846190717345,0.37373516059901724,80.93540042830813,-15.244409023359285,-1.0
180,True,True,True,True,0.508483140023615,0.6111508688647462,0.19778213205462603,0.2820961893738386,0.33157543443237314,125.12463209216958,-6.209537707368489,-1.0
181,True,True,True,True,0.22817802699172549,0.40172719669697177,-0.3723826904107357,0.44311004841087137,0.22686359834848588,158.68804035397653,-13.947921940678855,-1.0
182,True,True,True,True,0.2873322710743411,0.7470659518491365,-0.10297599528087908,0.47282193298635583,0.39953297592456827,153.12993969885775,-11.035433098108946,-1.0
183,True,True,True,True,0.25365135336569855,0.7810096769226724,-0.6433353856399542,0.44376481873032114,0.41650483846133624,133.594262589709,-12.52309136203298,-1.0
184,True,True,True,True,0.22244326854892185,0.6581013780054445,-0.45771298878176886,0.49144604739077413,0.3550506890027223,97.34152819762147,-14.315080556235706,-1.0
185,True,True,True,True,0.38131780606581533,0.6577063898060086,-0.6487657888402254,0.4771585583906951,0.3548531949030043,127.46984194724172,-8.293077342591245,-1.0
186,True,True,True,True,0.5584729047517445,0.3328827161389756,0.6691574765285222,0.6730478594294069,0.19244135806948778,4.39483909342087,-5.651812585073655,-1.0
187,True,True,True,True,0.25248592907067885,0.6173103963437447,0.5179274925636908,0.3368416971756273,0.3346551981718724,31.752401298136903,-12.581840552541395,-1.0
188,True,True,True,True,0.47666738806832154,0.48350022470998705,-0.4197894803652223,0.002134165102285701,0.2677501123549935,-126.76747666239913,-6.625799492198113,-1.0
189,True,True,True,True,0.21893498343665138,0.4616467248486522,0.528107428924572,0.29342939233196397,0.25682336242432613,113.85966309599257,-14.549488359538621,-1.0
190,True,True,True,True,0.30501725302588756,0.7685462096947708,-0.7340358602070972,0.10051694565803204,0.41027310484738544,113.47760493012498,-10.388263653948426,-1.0
191,True,True,True,True,0.20307021661465488,0.2162645745139763,-0.5938327186695725,0.022402194581205043,0.13413228725698814,97.75104857482512,-15.714393419591877,-1.0
192,True,True,True,True,0.2471574357360843,0.2786669713670602,0.1523637303781682,0.34210336399506935,0.1653334856835301,136.76206255515524,-12.85768893655691,-1.0
193,True,True,True,True,0.21039625965622985,0.584505912026821,-0.2043946572215969,0.5372982121102523,0.3182529560134105,33.950721117661374,-15.153831534827935,-1.0
194,True,True,True,True,0.2304860865045952,0.740714467048458,-0.6856965878146217,0.18696736060106703,0.396357233524229,81.07791284760378,-13.805466900522118,-1.0
195,True,True,True,True,0.28509410239608324,0.7307932515072817,-0.5635557521502537,0.5513359013380045,0.39139662575364087,74.12782674383388,-11.123168775734824,-1.0
196,True,True,True,True,0.42788125856410886,0.2751922433608606,-0.1649883537986967,0.3754427378301992,0.1635961216804303,177.17426053152076,-7.38525195685988,-1.0
197,True,True,True,True,0.2981763774796288,0.40868655021280276,-0.30218594402328713,0.5600450211338699,0.23034327510640137,29.1206093671629,-10.629335190734261,-1.0
198,True,True,True,True,0.37189761181413483,0.38369383628385567,0.2084630888439083,0.42467075725852266,0.21784691814192783,115.45872469041228,-8.504678399580532,-1.0
199,False,False,True,False,0.35425523101219814,0.6720634481321944,0.4719612382540639,0.03345806721202205,0.36203172406609724,85.38201109832931,-8.931602756100608,-1.0
200,True,True,True,True,0.3073650461103134,0.7625991815610045,-0.47783562017077646,0.2613399908730411,0.40729959078050226,-171.5111101725684,-10.308042588394198,-1.0
201,True,True,True,True,0.27477194107986236,0.3493077043021557,-0.0932574341049186,0.6861862700067611,0.20065385215107784,10.24530906732224,-11.546666349663813,-1.0
202,True,True,True,True,0.2083897427044606,0.34052274274675365,-0.04958402764703429,0.5432875064815254,0.19626137137337682,16.88988927157928,-15.303296040713866,-1.0
203,True,True,True,True,0.3587363470044299,0.5246091912433651,-0.5546396868234966,0.7236495606198929,0.2883045956216826,111.42208473945635,-8.819139299222801,-1.0
204,True,True,True,True,0.2259835944243899,0.42140247134402975,0.3094519540525267,0.2649924482751925,0.23670123567201487,100.70844275772305,-14.086146441066077,-1.0
205,True,True,True,True,0.30249426505871,0.2922520374223653,0.41991678123150233,0.13662159539544566,0.17212601871118263,80.57246262586574,-10.475882546312583,-1.0
206,True,True,True,True,0.22450856662726318,0.38453721833418353,-0.35341696833396447,0.6362609638604756,0.21826860916709176,120.01509972615554,-14.180623194085609,-1.0
207,True,True,True,True,0.3808093341195541,0.2364780316701419,-0.41813822520329424,0.6489880683592741,0.14423901583507096,126.62270723456822,-8.30422873355132,-1.0
208,True,True,True,True,0.2301703964199298,0.47434486727460456,0.2049490096581481,0.5298599714643353,0.2631724336373023,102.85703736634952,-13.824777731922207,-1.0
209,True,True,True,True,0.20447289883359523,0.4177208327023919,-0.21308323514133432,0.6399433150689214,0.23486041635119595,127.02340664455585,-15.603835857082395,-1.0
210,True,True,True,True,0.311839565263548,0.5210804366338271,-0.6036699398130002,0.6352149403102992,0.28654021831691356,91.02267696513138,-10.158553260751399,-1.0
211,True,True,True,True,0.39453979839540265,0.601816888082462,0.5081396766488915,0.614786683098019,0.32690844404123104,-28.80293406983273,-8.013297291122903,-1.0
212,True,True,True,True,0.30564051176886264,0.39632481856056956,0.3844713364611103,0.22769782649891146,0.22416240928028477,89.40452892548211,-10.366845537962822,-1.0
213,True,True,True,True,0.2998260348744846,0.5655078702371147,0.4478162133084389,0.5537813281157008,0.30875393511855737,44.159455934083894,-10.570177498407348,-1.0
214,True,True,True,True,0.2031237731120907,0.5632679873686904,0.16157289855694512,0.5765755869117564,0.30763399368434524,76.53198630324835,-15.710143023510815,-1.0
215,True,True,True,True,0.321052254296356,0.37701560868147654,0.4377834925094628,0.5699101119678567,0.21450780434073827,53.874937725639114,-9.86409146621061,-1.0
216,True,True,True,True,0.3083416978371533,0.48272092568966296,0.033058364314999755,0.6693280486820354,0.2673604628448315,62.0685547253193,-10.275037392994708,-1.0
217,True,True,True,True,0.20838403695606222,0.7831810248795112,0.378315389630546,0.3394368380533318,0.41759051243975565,111.06517362834404,-15.303725316456669,-1.0
218,True,True,True,True,0.23034613799691211,0.4661596866083861,0.02340806541534013,0.5785705415403806,0.25907984330419304,61.57704222266949,-13.814020852508138,-1.0
219,True,True,True,True,0.3795856339527153,0.4007078500982509,0.7133341392062269,0.3340381254281515,0.22635392504912544,-65.40014775686761,-8.33118970144196,-1.0
220,True,True,True,True,0.3455036843107352,0.2377516547916355,0.6261610624846823,0.518442630946338,0.14487582739581775,-32.91936214192816,-9.159761189387531,-1.0
221,True,True,True,True,0.3850018908480497,0.3768609221806015,0.34558517999070637,0.1598315270978217,0.21443046109030076,93.5711350110468,-8.213170085868315,-1.0
222,True,True,True,True,0.37992404937244645,0.5068685442483396,-0.3178714788154497,0.14393626877119256,0.2794342721241698,-135.9424167116387,-8.323716060948065,-1.0
223,True,True,True,True,0.3541969648601816,0.7193544376770851,-0.7141389366042521,0.2415831501126404,0.38567721883854256,72.39361881348145,-8.93308404480645,-1.0
224,True,True,True,True,0.32596685789275803,0.7534185717632538,0.39672940691399416,0.6465999500048678,0.4027092858816269,53.04516080766544,-9.713917606272249,-1.0
225,True,True,True,True,0.24782538154887446,0.30716949609388383,-0.5842436725530918,0.22576865317829808,0.1795847480469419,153.22130257327257,-12.822443323550527,-1.0
226,True,True,True,True,0.3744008887435122,0.3214852734572024,-0.11459872672088689,0.7122979406011025,0.1867426367286012,114.34908519712906,-8.447398319897928,-1.0
227,True,True,True,True,0.5945603286391926,0.2561678039906157,-0.6669283352829225,0.7277788803551252,0.15408390199530783,97.48264140134779,-5.3077534336567185,-1.0
228,True,True,True,True,0.34657172841178213,0.4216652776635273,-0.05613687904392295,0.4980686626374238,0.23683263883176364,144.80080263791297,-9.131291356666885,-1.0
229,True,True,True,True,0.2608174888878836,0.6395942413420492,-0.14681792172829433,0.6312684878591583,0.34579712067102464,157.36439830058197,-12.173659575802322,-1.0
230,True,True,True,True,0.2057135884363253,0.5928841124604909,0.5256074974091898,0.6549398795200474,0.32244205623024547,-28.644176015665437,-15.507351624165041,-1.0
231,True,True,True,True,0.2090273588015745,0.39492045158845235,-0.6599068315920229,0.3357970309844684,0.22346022579422617,115.5131044851808,-15.255477718222329,-1.0
232,True,True,True,True,0.35692469737938615,0.5408472863996535,0.45248782690017886,0.36258467832541585,0.2964236431998268,82.26644803127886,-8.864262436619665,-1.0
233,True,True,True,True,0.2994393876769556,0.2878978951023924,0.4935213531385647,0.36948388077896466,0.1699489475511962,46.882982014469036,-10.583983391061293,-1.0
234,True,True,True,True,0.23870921866124062,0.26088872304459043,-0.24811553815881826,0.5108717988715896,0.1564443615222952,177.69542465503366,-13.320966897124013,-1.0
235,True,True,True,True,0.3513603157794381,0.5840041765522227,0.3844593413134718,0.09673616114190595,0.31800208827611137,101.03393416644406,-9.005801198442036,-1.0
236,True,True,True,True,0.3214841299002008,0.5737937096185175,-0.49051134207567293,0.40657379151470974,0.3128968548092588,143.06800475076847,-9.850708016554867,-1.0
237,True,True,True,True,0.3628586736223746,0.7172125231104833,0.013413263829873179,0.6690481220065245,0.3846062615552417,63.15162451144508,-8.71816267562418,-1.0
238,True,True,True,True,0.21200268138725506,0.7380464900058628,-0.06805786923462509,0.6668733610367161,0.3950232450029314,87.67585227729785,-15.036283458533266,-1.0
239,True,True,True,True,0.2028170305601394,0.7564524402714026,0.5086075214546586,0.2554440903411438,0.4042262201357013,54.689503544417335,-15.734518580135225,-1.0
240,True,True,True,True,0.37163779199733105,0.3016954626753754,-0.1309252015500474,0.6852013832849335,0.1768477313376877,113.25760973872389,-8.510668302347767,-1.0
241,True,True,True,True,0.42254760429822313,0.2618450002047899,-0.600008714554808,0.4955219130633561,0.15692250010239495,64.69023617137438,-7.4790028331840555,-1.0
242,True,True,True,True,0.531390663448839,0.4920826644955041,0.28521687354829783,0.21220691958952256,0.27204133224775207,104.38739332717438,-5.940867615638279,-1.0
243,True,True,True,True,0.3051306127089417,0.3990887525785133,-0.6531333013020792,0.3123629805241809,0.22554437628925664,139.61956000852007,-10.384361460401246,-1.0
244,True,True,True,True,0.24772669496305572,0.43817064908442527,-0.19594739519569215,0.579783893456971,0.24508532454221263,31.552055375291133,-12.827638459099024,-1.0
245,True,True,True,True,0.4038576222722824,0.44772404950904565,0.4764853675803211,0.712447399167397,0.24986202475452282,47.23144272132603,-7.827241314473197,-1.0
246,True,True,True,True,0.20894359426977302,0.7386022138067907,-0.5535327628798444,0.44668467350969304,0.39530110690339537,169.93767636220144,-15.261742407028484,-1.0
247,True,True,True,True,0.20514708211291685,0.43009893383859804,0.08991757131529665,0.30166897784837154,0.24104946691929902,158.30697919339946,-15.551256516306866,-1.0
248,True,True,True,True,0.243295963091439,0.699154770505982,0.030408062695527427,0.5440091778927979,0.375577385252991,120.58601829422082,-13.06534220104618,-1.0
249,True,True,True,True,0.2079494055640809,0.3947783786633915,-0.15289328833885674,0.6179956829804796,0.22338918933169574,159.90972275203308,-15.336496938245396,-1.0
250,True,True,True,True,0.3159297424263991,0.46684118917288336,0.005239289503235822,0.36658371640213727,0.2594205945864417,179.50211506461966,-10.025667625239816,-1.0
251,False,False,True,False,0.5178462742481839,0.7343148630550964,-0.2330474232365417,0.3199738062764607,0.39315743152754823,-169.0981573290139,-6.0968339258849795,-1.0
252,True,True,True,True,0.247245512437887,0.43853674783499214,-0.19292145239976366,0.5317019802846634,0.24526837391749606,108.35517136571173,-12.853030194370362,-1.0
253,True,True,True,True,0.3432371539666645,0.21028126397285166,-0.39902279581157474,0.0728986264882194,0.13114063198642584,-128.63273394955434,-9.220772570359589,-1.0
254,True,True,True,True,0.2206655866328805,0.4391810993580106,-0.31463793235160126,0.6939990767378785,0.2455905496790053,116.56496532324496,-14.432894877190307,-1.0
255,True,True,True,True,0.4332180423224905,0.7792633653185559,-0.7342995128192984,0.010118981655655085,0.41563168265927797,135.36630502201467,-7.2937757411344455,-1.0
256,True,True,True,True,0.3013903000656331,0.49694570192097975,-0.42364083817699255,0.4381197096738053,0.2744728509604899,110.49872835295196,-10.514690565217279,-1.0
257,True,True,True,True,0.20442994736065076,0.3753535294196795,0.5123534907729663,0.2938799190039318,0.21367676470983973,-7.81829473447624,-15.607197837620907,-1.0
258,True,True,True,True,0.2078088880065075,0.3191434463482498,-0.5828328376035914,0.09465409559777607,0.1855717231741249,-167.90823368303725,-15.347122523235456,-1.0
259,True,True,True,True,0.24933658072183312,0.48745939588507453,-0.5667715128614781,0.5563038567004901,0.26972969794253726,49.8445766581882,-12.743416456178084,-1.0
260,True,True,True,True,0.5010558453862566,0.21754364899966483,-0.3325489734945527,0.11245387858930941,0.1347718244998324,-116.0878213800821,-6.3019536939510745,-1.0
261,True,True,True,True,0.2328586706594464,0.7598617477198013,0.6065009048241721,0.27767874651725516,0.4059308738599007,-41.361709255849036,-13.662060796191422,-1.0
262,True,True,True,True,0.28353572570157803,0.613032061646521,0.5097725154380512,0.5350894746020619,0.33251603082326053,15.513747478712759,-11.185090624214693,-1.0
263,True,True,True,True,0.3396443716228437,0.6924606373938825,-0.21745071086722656,0.7088185976515485,0.3722303186969413,42.810016869989056,-9.319175198748576,-1.0
264,True,True,True,True,0.2993058866849934,0.4503839177838935,-0.6820062140567349,0.7089070596276206,0.25119195889194673,76.11022754326348,-10.588758698706995,-1.0
265,True,True,True,True,0.21268030792161943,0.6052681751136636,-0.5531765255675045,0.13898749967394283,0.3286340875568318,80.59938335199013,-14.987250597438155,-1.0
266,True,True,True,True,0.312681896552413,0.3155752757554093,0.6074074308760498,0.38570271703467685,0.18378763787770463,-53.22328029645752,-10.130898003265163,-1.0
267,True,True,True,True,0.2396091807215961,0.4494744430512107,-0.4494199187644333,0.1561085139890429,0.25073722152560535,-161.10317664628485,-13.270017840777468,-1.0
268,True,True,True,True,0.20114739502787013,0.33339240389193764,0.1487627682138224,0.6265599177119368,0.19269620194596881,72.13408736468011,-15.868553539760999,-1.0
269,True,True,True,True,0.21703740682898542,0.6106045921206809,-0.08280361866814578,0.6351391620834771,0.33130229606034045,23.83874602188223,-14.679540886361515,-1.0
270,True,True,True,True,0.43993163447434736,0.4988053643071138,-0.08642535636646254,0.7440519032266675,0.2754026821535569,30.08801112905303,-7.181877554137351,-1.0
271,True,True,True,True,0.21548749795935832,0.7571640536678674,-0.5469656030518761,0.2943900832580151,0.40458202683393374,66.25490995967428,-14.787523772257915,-1.0
272,True,True,True,True,0.2025411623546295,0.6089940895696855,0.4612275772272061,0.12449445006541363,0.33049704478484276,92.20655542546262,-15.756506245812398,-1.0
273,True,True,True,True,0.2398806887804179,0.35201786563647974,-0.3121476498580334,0.5504640705041841,0.20200893281823987,-150.19465343954388,-13.25472425548053,-1.0
274,True,True,True,True,0.31099590724419934,0.5015816482755675,-0.389615399298171,0.5551078352900586,0.2767908241377838,91.50874917937432,-10.186404656873446,-1.0
275,True,True,True,True,0.21448834579275086,0.3753692593565312,0.3047142179973128,0.6884452491669943,0.2136846296782656,5.6503519828002595,-14.857991403077467,-1.0
276,True,True,True,True,0.34399820907586454,0.45045865329125945,0.06627522558570165,0.6798169383052663,0.25122932664562975,30.197282553229172,-9.200195349099225,-1.0
277,True,True,True,True,0.25346036032668895,0.5507524076587956,0.42534893504964977,0.4955217548208556,0.30137620382939784,73.36994856681446,-12.532681415562598,-1.0
278,True,True,True,True,0.2576632280859838,0.5898701494566782,0.3796418760077931,0.27238153320850356,0.3209350747283391,113.97830024184458,-12.325014139484365,-1.0
279,True,True,True,True,0.23976048339604247,0.3377515387154241,-0.701259896310898,0.26590956896202544,0.19487576935771206,145.82903018809048,-13.261490827964025,-1.0
280,True,True,True,True,0.31565216226127274,0.2682402754895396,-0.7473505438107573,0.4225322932285327,0.1601201377447698,103.06232828979785,-10.034575279075082,-1.0
281,True,True,True,True,0.23506200223918025,0.47784771547580557,-0.6059302489637527,0.208645768929651,0.2649238577379028,-163.7678887789791,-13.531553216370423,-1.0
282,True,True,True,True,0.2942416364641322,0.7249391332123987,-0.40216736750314663,0.7084396075548516,0.38846956660619936,38.80583776411302,-10.77316324339799,-1.0
283,True,True,True,True,0.2884091544826949,0.3762235588975842,-0.5290542241232082,0.4084887126562475,0.2141117794487921,-178.77745064301521,-10.993713945280591,-1.0
284,True,True,True,True,0.4421610538302347,0.22949747234453763,-0.4761187616433731,0.6487801290871339,0.14074873617226882,58.941295492027876,-7.145476426307484,-1.0
285,True,True,True,True,0.2483575576946756,0.7992377379541331,0.36491849962878997,0.7354035770202993,0.4256188689770666,37.511486144872066,-12.794501096088192,-1.0
286,True,True,True,True,0.23561927157289264,0.43709217597346667,-0.3221748092796751,0.4917201837818247,0.24454608798673333,-179.03949452408366,-13.49894301498638,-1.0
287,True,True,True,True,0.39336529770741735,0.39675867920500085,0.630288296240376,0.29167645750533444,0.22437933960250042,42.27761571854924,-8.037381145873463,-1.0
288,True,True,True,True,0.20191848938007895,0.7067901416819451,0.4982740462444817,0.44932039125069895,0.37939507084097257,103.06932731691285,-15.806365146436567,-1.0
289,True,True,True,True,0.27311870785181125,0.5565064409192041,-0.6911998382085163,0.27561188809572446,0.30425322045960207,94.7084838601221,-11.617531058944133,-1.0
290,True,True,True,True,0.21397582652483813,0.5687285037524635,0.7218381733914692,0.6071329891644235,0.3103642518762318,20.534675384639485,-14.894402434004908,-1.0
291,True,True,True,True,0.28329599948754103,0.21364915374163546,0.47639853639856056,0.41586694347455366,0.13282457687081772,19.6222667202413,-11.194677747009642,-1.0
292,True,True,True,True,0.3782622742914545,0.3152670223455104,0.08970215612539267,0.5976134583766457,0.1836335111727552,113.37843485107868,-8.360544842133812,-1.0
293,True,True,True,True,0.2688226359938672,0.32093029327545297,-0.2519505372580849,0.7388189432406722,0.18646514663772648,47.931252412872226,-11.805842454785907,-1.0
294,True,True,True,True,0.3656500264794633,0.22107812150504025,0.4852138875685559,0.47562556632293146,0.13653906075252012,-17.99076323614139,-8.651096248829857,-1.0
295,True,True,True,True,0.4438303374507546,0.20902943195752155,0.39962013951086184,0.3217972405867954,0.13051471597876077,87.26311358967666,-7.118462278663795,-1.0
296,True,True,True,True,0.2897440369314012,0.6410491752888596,0.20146176751378042,0.5184417352575895,0.34652458764442984,102.98694652437632,-10.942438284142307,-1.0
297,True,True,True,True,0.3004680133531431,0.23180934904040854,-0.6549508148625256,0.2688479558277794,0.14190467452020428,102.2485160538601,-10.547334407730032,-1.0
298,True,True,True,True,0.4218257739631297,0.7023120491155281,-0.43249018431747555,0.6593885765022093,0.3771560245577641,110.8707818288454,-7.491874316959496,-1.0
299,True,True,True,True,0.3301897765528644,0.3028962272448183,-0.31171957886546453,0.441014592411641,0.17744811362240914,169.27123757029693,-9.588501960604178,-1.0
300,True,True,True,True,0.29884006319913936,0.38176653567703756,-0.1883534779204723,0.7381513233645203,0.21688326783851877,42.9498598458207,-10.605455126711385,-1.0
301,True,True,True,True,0.23670972217275899,0.29146622621840185,-0.24103614701704124,0.4939609373711855,0.17173311310920092,-178.12669741061654,-13.43558910457326,-1.0
302,True,True,True,True,0.30316343353836933,0.5258386643512543,-0.351798357803204,0.03829113176826299,0.28891933217562715,-127.77519804526118,-10.452498993503376,-1.0
303,True,True,True,True,0.21112136359954095,0.44633977846819484,0.37987790112397324,0.5849008879240761,0.2491698892340974,-22.209929573247223,-15.100543329163637,-1.0
304,True,True,True,True,0.2420769529569043,0.6281006333111059,0.005855740831494316,0.5104626396362926,0.34005031665555296,141.19605212465433,-13.13230814618219,-1.0
305,True,True,True,True,0.26623385560978585,0.4474658580809143,-0.16366465409258457,0.5998537065011152,0.24973292904045716,48.66041807747527,-11.922316560126108,-1.0
306,True,True,True,True,0.23508608563012126,0.5791209696602818,0.4817594608749838,0.33337932177902363,0.31556048483014093,-29.719996461335683,-13.530140619347572,-1.0
307,True,True,True,True,0.4515910557812338,0.30254303255162496,-0.7373470162472602,0.23417908468331952,0.17727151627581247,126.01815545393464,-6.995512555214036,-1.0
308,True,True,True,True,0.23770009892925759,0.6797375595022699,0.22785964442288786,0.490212749775705,0.36586877975113496,143.06781399977677,-13.378567384578353,-1.0
309,True,True,True,True,0.25479102712133667,0.6151698186316292,-0.6949186449815378,0.19111573184696348,0.33358490931581464,165.11527615324627,-12.466172783926933,-1.0
310,True,True,True,True,0.30191790624515397,0.20236031204271768,0.4411859579381483,0.3953204320017161,0.12718015602135885,61.22431115634683,-10.496107450006043,-1.0
311,True,True,True,True,0.3845115682717152,0.6571070027118262,-0.747724787731485,0.48040567000256895,0.3545535013559131,68.8095284384543,-8.223715850825318,-1.0
312,True,True,True,True,0.3273309832943218,0.39475233478664173,-0.632870401753353,0.26998452124643635,0.22337616739332086,-177.72741635535377,-9.673045752274854,-1.0
313,True,True,True,True,0.28532342767470437,0.6473127455811731,0.660723589522533,0.6611955826730511,0.3496563727905866,14.975467491876515,-11.11411476968683,-1.0
314,True,True,True,True,0.3622542305950532,0.4106229442320936,-0.6094383616992171,0.7045134145792356,0.2313114721160468,59.20610037045569,-8.7328230595997,-1.0
315,True,True,False,True,0.23357139175584188,0.6115698996288447,0.4442778148287685,0.4013360258406845,0.33178494981442236,-9.466253134497236,-13.619567638562582,-1.0
316,True,True,True,True,0.23708445047489116,0.27665727570805076,0.48548214503287745,0.30854134239183995,0.16432863785402538,92.09130817769932,-13.413956209841253,-1.0
317,True,True,True,True,0.25872956556812965,0.5695833928360531,-0.6999054258965652,0.23971486265141875,0.31079169641802656,112.93209820505382,-12.273424155087778,-1.0
318,True,True,True,True,0.23147710435735036,0.45513695136794313,0.2537032974652278,0.5397258702158236,0.25356847568397156,26.17962554611634,-13.745198606538603,-1.0
319,True,True,True,True,0.2413583274509027,0.24148432319634988,-0.6061161762481784,0.1933497289546979,0.14674216159817494,-166.1933213685394,-13.17211118843521,-1.0
320,True,True,True,True,0.2127053652489909,0.46737977744785913,0.4539439309080935,0.6165183775300632,0.25968988872392956,-0.6257901770630667,-14.985443661108413,-1.0
321,True,True,True,True,0.2069595394229402,0.583351791422707,0.42717422319686027,0.6656956013128089,0.3176758957113535,47.089935347522584,-15.411666948964463,-1.0
322,True,True,True,True,0.263497730265922,0.486423835634159,-0.7134174090541553,0.1222589430485668,0.2692119178170795,-179.0148492905885,-12.047963789746758,-1.0
323,True,True,True,True,0.2058145202693872,0.3923618538777416,0.09910741275245316,0.5360455356866727,0.2221809269388708,33.27240998663015,-15.499555634833484,-1.0
324,True,True,True,True,0.20287050452446334,0.35781903191111164,-0.49836023475160296,0.6243566823774933,0.20490951595555582,130.83052989605756,-15.730263710934224,-1.0
325,True,True,True,True,0.27373877689288856,0.7042685765106118,-0.6807161259934744,0.54345932820738,0.37813428825530593,116.86846608322168,-11.59084979983911,-1.0
326,True,True,True,True,0.3092608286722714,0.3372898481500256,-0.5194066062284546,0.7228394924625576,0.1946449240750128,52.634953167073775,-10.244169598672235,-1.0
327,True,True,True,False,0.3646911692242017,0.667707241687935,0.1689865581243184,0.6844545555471206,0.35985362084396755,14.998704011770968,-8.67401711916092,-1.0
328,True,True,True,True,0.28608137299463077,0.7680351207273102,0.34948537607474583,0.43694244903893464,0.4100175603636551,70.10536347374577,-11.084295537665293,-1.0
329,True,True,True,True,0.22573330405238928,0.6450758546418243,-0.5283286333219339,0.26207662822445643,0.34853792732091216,67.26460731355235,-14.102088018398675,-1.0
330,True,True,True,True,0.24870292418394607,0.26465065337346877,0.19471757693846548,0.35314072320026935,0.15832532668673438,138.5003221608568,-12.776433053834321,-1.0
331,True,True,True,True,0.20244787367596612,0.40112713030130887,-0.0840553334403169,0.6736466035150026,0.22656356515065443,12.153026453767268,-15.763955779446974,-1.0
332,True,True,True,True,0.2307765285847848,0.26215273745367706,-0.31977940083096973,0.7438109669686357,0.15707636872683853,106.4944054525136,-13.787748565358935,-1.0
333,True,True,True,True,0.3652221391885127,0.3705476915500805,-0.706817272732508,0.20422107482018106,0.21127384577504024,164.10448914207245,-8.661309578423149,-1.0
334,True,True,True,True,0.3617409803617717,0.6786082180039548,-0.7037204915836544,0.11413452133931865,0.3653041090019774,168.17085845990607,-8.745310537403162,-1.0
335,True,True,True,True,0.216878409880442,0.30376950133465574,-0.6990113580878009,0.6543793941644298,0.17788475066732787,78.42018378305954,-14.690544789614375,-1.0
336,True,True,True,True,0.5753279451297397,0.7928156752567028,-0.7334722700976078,0.6220461906441195,0.42240783762835143,112.44562399360774,-5.485719243801283,-1.0
337,True,True,True,True,0.21518290121870437,0.6639699121697803,0.5580381124960507,0.4493523249393173,0.35798495608489017,-46.35779611920603,-14.808934431756885,-1.0
338,True,True,True,True,0.23205886931705214,0.5346688789525861,-0.0800356406106435,0.6450138734230726,0.29333443947629306,-177.2974136022883,-13.710065785426044,-1.0
339,True,True,True,True,0.4713498257391287,0.5982542354917683,-0.2959855131128455,0.20160656821785405,0.32512711774588415,-155.77036765401527,-6.700889599608763,-1.0
340,True,True,True,True,0.27969289525126634,0.7758090151866142,0.415012009728988,0.6378784655662557,0.4139045075933071,-4.924072233956309,-11.340792211714161,-1.0
341,True,True,True,True,0.29670829694356504,0.5922578193865481,0.39086966075697527,0.46044864843552724,0.32212890969327407,90.3016414830974,-10.68254441240424,-1.0
342,True,True,True,True,0.30176370235555333,0.32125411483039257,0.5357430462316293,0.44000758734286866,0.18662705741519628,7.062947731970894,-10.50153191610231,-1.0
343,True,True,True,True,0.358968740163459,0.4882623068116638,-0.6799435009014717,0.15250609693962044,0.27013115340583194,125.238754049828,-8.813384390670915,-1.0
344,True,True,True,True,0.2635143893521282,0.4342927738689105,-0.16688050282532219,0.5752056367852083,0.24314638693445526,15.695680216012732,-12.047190703939377,-1.0
345,True,True,True,True,0.21695253888843435,0.7989296999452855,-0.5509376295786055,0.29185827893680216,0.4254648499726428,-174.4101982536859,-14.685412373628502,-1.0
346,True,True,True,True,0.3910243515303258,0.47107692095855197,0.29508720947453937,0.4467834586590596,0.261538460479276,112.16544933144962,-8.085819571265766,-1.0
347,True,True,True,True,0.212805479695106,0.21816195988298565,-0.6302221796235407,0.4071049119870167,0.13508097994149282,125.5046181725287,-14.978228597339333,-1.0
348,True,True,True,True,0.36705103226970637,0.2300814874348693,-0.34844451703522655,0.6288838116035614,0.14104074371743466,49.45402757529817,-8.617823898243731,-1.0
349,True,True,True,True,0.46086739101352864,0.6759143873155493,-0.6767209491507545,0.5433204402685727,0.3639571936577747,79.58785127800604,-6.854024359645295,-1.0
350,True,True,True,True,0.22613693131412008,0.2425056583558109,-0.5545868520317958,0.555201516872788,0.14725282917790544,136.28960820356474,-14.076398037372115,-1.0
351,True,True,True,True,0.30120544929802195,0.23532953502765397,0.39972181515433247,0.23745994959106537,0.14366476751382698,92.35308358894042,-10.521216963993398,-1.0
352,True,True,True,True,0.287617966902301,0.5672178113688388,0.4040534520753256,0.2414937956942086,0.3096089056844194,108.81869790289255,-11.024334035071188,-1.0
353,True,True,True,True,0.3109801200929482,0.6895847991366493,-0.6170287996564499,0.33466084111531175,0.37079239956832466,77.24534836327331,-10.186927296331945,-1.0
354,True,True,True,True,0.39326187719406125,0.3071362795439499,0.37919955752887335,0.2711792511535329,0.17956813977197494,87.40509844714603,-8.03950880670132,-1.0
355,True,True,True,True,0.403869555298969,0.5048503096246078,-0.7470517827120771,0.4967990732305202,0.2784251548123039,79.40815141418813,-7.827008595595973,-1.0
356,True,True,True,True,0.3977222251768799,0.24027950916441207,-0.39569640152684243,0.015833293354972022,0.14613975458220604,-103.21138212939722,-7.948761576062265,-1.0
357,True,True,True,True,0.2823773292803393,0.364987553501503,-0.35185267834352135,0.12300000581669424,0.2084937767507515,-112.53917462487226,-11.231570855514343,-1.0
358,True,True,True,True,0.29367132571596544,0.5589178570935213,-0.16409579161252696,0.4258963433773866,0.30545892854676066,166.76527355073853,-10.794335601127868,-1.0
359,True,True,True,True,0.5740377519666913,0.6508887907936829,0.29185651158032133,0.17209237032898705,0.35144439539684147,98.46066301388157,-5.498086753270744,-1.0
360,True,True,True,True,0.2279810209843762,0.4028930245633432,-0.16944794602562196,0.7210520636435866,0.2274465122816716,66.8530442368764,-13.960219006737011,-1.0
361,True,True,True,True,0.44531887629049427,0.7380727645534415,0.5945735480754415,0.5529524316080068,0.3950363822767208,-8.555267016869095,-7.0945452854132425,-1.0
362,True,True,True,True,0.28504010735301055,0.7562662312403778,-0.6513029906161423,0.5494441585220438,0.40413311562018894,131.76458754778537,-11.12530271737044,-1.0
363,True,True,True,True,0.30005737862727194,0.4116515044271811,-0.5534445122199046,0.49071239199753525,0.23182575221359056,110.54503609908937,-10.561934287331011,-1.0
364,True,True,True,True,0.2638084376630576,0.6788791935867062,-0.025551799634345507,0.36436064682572467,0.36543959679335314,153.24185900067062,-12.033561459970228,-1.0
365,True,True,True,True,0.40947506474331274,0.6059537881820019,-0.35559294703767963,0.3197544464893417,0.32897689409100095,-164.11558368019564,-7.719203103094282,-1.0
366,True,True,True,True,0.2885102797037351,0.5402461467676387,-0.16193165402118437,0.3619126734845567,0.2961230733838194,174.98590153033973,-10.989812587632267,-1.0
367,True,True,True,True,0.24282784892958859,0.7298726047805291,-0.32485430624280304,0.3561962868597134,0.39093630239026456,172.49062360068694,-13.090976236318953,-1.0
368,True,True,True,True,0.23638329287566928,0.3097016005467129,0.1200663127090833,0.7492170018699922,0.18085080027335645,21.616846337749166,-13.454491213491002,-1.0
369,True,True,True,True,0.46827151350022894,0.7869202604362608,-0.5104248616868838,0.6170662347966654,0.41946013021813044,90.99878717451429,-6.74514370496088,-1.0
370,True,True,True,True,0.2006171858194975,0.36721063933936415,-0.7482550507141272,0.5220885075615052,0.20960531966968207,99.49818648928925,-15.911603263164016,-1.0
371,True,True,True,True,0.4132357698715011,0.2754393996722558,-0.17038491254278143,0.4353943362532272,0.16371969983612789,158.23759211363983,-7.648531253700606,-1.0
372,True,True,True,True,0.29332546369006424,0.5778630144536698,-0.4535157680985239,0.4090558093816308,0.31493150722683494,138.66779454399114,-10.807216302420935,-1.0
373,True,True,True,True,0.3570404833639317,0.3431892303392098,-0.38800643438908394,0.6499836427605765,0.1975946151696049,109.52737786962717,-8.861364666666661,-1.0
374,True,True,True,True,0.3268900221946959,0.5243860124252304,-0.3868324809426074,0.23350397577812748,0.28819300621261523,-122.14658929670819,-9.68621994997781,-1.0
375,True,True,True,True,0.25094847337050774,0.553622727848254,-0.52891196833818,0.6932870593799707,0.302811363924127,90.02495206690145,-12.660199590671633,-1.0
376,True,True,True,True,0.32894298776240277,0.5496576228382356,0.7055165295023578,0.542057763532008,0.3008288114191178,16.29474531040833,-9.6251902593637,-1.0
377,True,True,True,True,0.3049243202956067,0.45845175626509277,0.26649304617518554,0.5500098106625022,0.2552258781325464,111.21405690614233,-10.391464888766775,-1.0
378,True,True,True,True,0.2072436264152965,0.45079177798200365,-0.5047926005147259,0.3393132776385599,0.25139588899100185,158.16126177431335,-15.39001725375152,-1.0
379,True,True,True,True,0.27593935238417233,0.6750620509056042,-0.3291225237816097,0.6116211829841516,0.36353102545280214,58.608643390530744,-11.497148210291227,-1.0
380,True,True,True,True,0.23513980156854922,0.6888360279230096,-0.295799197331786,0.6477111203472926,0.3704180139615048,136.72438052224828,-13.52699101543232,-1.0
381,True,True,True,True,0.35010710972176945,0.44159611281618744,0.6410928969293326,0.5441115107801767,0.2467980564080937,3.121343174271175,-9.038306990802417,-1.0
382,True,True,True,True,0.3304899700778924,0.4278970909392957,-0.7443281074095573,0.08574113031874941,0.23994854546964783,178.74258785900008,-9.579710334537795,-1.0
383,True,True,True,True,0.4772421934627926,0.5430824099960789,0.28582355633695,0.38518478831268343,0.2975412049980395,97.26870346210336,-6.617783472446087,-1.0
384,True,True,True,True,0.21698221199084147,0.6541559674482045,-0.7395102696957006,0.34980167462668194,0.35307798372410226,110.85807898290619,-14.683358935288911,-1.0
385,True,True,True,True,0.2794797332803274,0.3315501581377546,-0.3071610410750537,0.3627456155117314,0.1917750790688773,-178.61574637818677,-11.349556839471955,-1.0
386,True,True,True,True,0.2671997720641194,0.5037591026534936,0.2699900665962236,0.6085067983109359,0.2778795513267468,14.997684628531232,-11.878588376646842,-1.0
387,True,True,True,True,0.4906879411819194,0.3921194934082336,0.40455316742322744,0.7327801592909193,0.2220597467041168,16.25375137612707,-6.4356666383829655,-1.0
388,True,True,True,True,0.33048582290021133,0.7075798572970247,0.6190009892279136,0.31230939341857406,0.37978992864851235,-55.216035277909455,-9.57983168062325,-1.0
389,True,True,True,True,0.20083237218670658,0.7063891373462019,0.28506439676257633,0.7300087498718828,0.379194568673101,41.46037812880962,-15.894102938101033,-1.0
390,True,True,True,True,0.2478066543615511,0.5117916445850392,-0.7235756280879542,0.06815497680162139,0.28189582229251964,108.29727840901978,-12.823428848279471,-1.0
391,True,True,True,True,0.22481749558599493,0.3289975541228124,0.26289258598039944,0.6508669434879801,0.1904987770614062,55.81905204183437,-14.160730142515773,-1.0
392,True,True,True,True,0.34294010727589386,0.39358865291548784,-0.34059466060480614,0.6241933813923123,0.2227943264577439,125.36715506864971,-9.22882915271803,-1.0
393,True,True,True,True,0.4617421756934561,0.20778741716729698,0.30483864706219777,0.06147641506815929,0.1298937085836485,92.7323187650951,-6.840977082495219,-1.0
394,True,True,True,True,0.4060729138278504,0.34259378268270746,0.4541678705237575,0.6208921425245065,0.19729689134135373,57.72461817279009,-7.784275132353627,-1.0
395,True,True,True,True,0.43609338883228854,0.3382348829477171,-0.14310043231396263,0.7341430846035044,0.19511744147385854,57.715918509329924,-7.245425953241382,-1.0
396,True,True,True,True,0.20092162212651435,0.20835175662577946,0.7269200990290141,0.44740336880572756,0.13017587831288974,-34.92277421712842,-15.886856008548808,-1.0
397,True,True,True,True,0.3351169490750933,0.2559485476692186,-0.21532039789936785,0.3693034738502107,0.1539742738346093,167.6052324309032,-9.446222392902412,-1.0
398,True,True,True,True,0.25297282053315406,0.4591317147801366,0.1175902742181194,0.5749489760209935,0.2555658573900683,72.4846196816581,-12.557228824287359,-1.0
399,True,True,True,True,0.40617307904553024,0.7950191147129984,-0.7290054215270394,0.24799238778595847,0.4235095573564992,123.53188062126037,-7.782343579224282,-1.0
400,True,True,True,True,0.41333405731840545,0.7441518085983323,0.6661141255778591,0.3004283766127075,0.3980759042991662,-63.548719957700584,-7.6467016185895265,-1.0
401,True,True,True,True,0.45474816355270575,0.7975260328943434,-0.3447709746559346,0.6913549778036852,0.42476301644717174,95.28910058324448,-6.946705690006149,-1.0
402,True,True,True,True,0.3235267260766218,0.439428346698578,0.6705983310765278,0.6626683096978033,0.245714173349289,4.570945930830305,-9.787901107933385,-1.0
403,True,True,True,True,0.21673411324969205,0.49479325176797656,0.4342912789855933,0.28585575298525234,0.2733966258839883,100.41534211269482,-14.700545764879669,-1.0
404,True,True,True,True,0.20105727097284945,0.4331337617205969,0.39946834514220075,0.3181895467703369,0.24256688086029846,8.830026134572734,-15.875854392995784,-1.0
405,True,True,True,True,0.34294374671100325,0.5277324165164707,0.11132011189494673,0.33720521189621194,0.2898662082582354,144.15708724616792,-9.228730357388132,-1.0
406,True,True,True,True,0.3908301000553244,0.311725035271326,-0.21711439870698546,0.48934208861928774,0.181862517635663,174.32367827450025,-8.089865322366192,-1.0
407,True,True,True,True,0.2296674487441902,0.6474799341389808,0.5609990620546093,0.6682083698206105,0.3497399670694904,44.78630834205967,-13.85565614164445,-1.0
408,True,True,True,True,0.3349416171830242,0.6870645828121229,-0.1092900624680957,0.6827056198224333,0.3695322914060615,87.20867075674573,-9.451212537983817,-1.0
409,True,True,True,True,0.4913159586825384,0.4704664447719287,-0.09488836673417245,0.3726467531962072,0.26123322238596436,-175.3578554073191,-6.427405636544034,-1.0
410,True,True,True,True,0.20722107561775768,0.572871199747155,-0.5698165888195281,0.16488715302930698,0.3124355998735775,-131.38173175784954,-15.391733553202728,-1.0
411,True,True,True,True,0.26367543987023406,0.4231378106263854,0.5647285636839583,0.47641309099581697,0.2375689053131927,58.461089797212765,-12.039722104191775,-1.0
412,True,True,True,True,0.30957181821812263,0.3314092361950417,-0.5488753624681246,0.31113343673955474,0.19170461809752085,67.49418778702179,-10.233767604474137,-1.0
413,True,True,True,True,0.2733723263379878,0.6499003261344232,-0.7344731875259474,0.2190506180556989,0.3509501630672116,153.79530913154548,-11.60660304569604,-1.0
414,True,True,True,True,0.2103937094437882,0.7455725851281589,-0.1358771288696604,0.6681581621450958,0.3987862925640795,64.97805096915388,-15.154019622982288,-1.0
415,True,True,True,True,0.3850152572271721,0.39615067478545773,0.47551951200809794,0.6619112770000245,0.22407533739272886,18.395381175044605,-8.212882984333207,-1.0
416,True,True,True,True,0.32552341496235304,0.5406855622860827,-0.3642149492726385,0.6570606768297489,0.29634278114304136,32.022183721078505,-9.727278878461865,-1.0
417,True,True,True,True,0.3723452905668284,0.7641048052472812,0.6433689832415554,0.20884900407407558,0.4080524026236406,-60.80752164450183,-8.49437741449837,-1.0
418,True,True,True,True,0.29978754605627056,0.582120540731196,0.16250674902226014,0.7153063278340304,0.31706027036559803,42.64727911384492,-10.571550182950705,-1.0
419,True,True,True,True,0.34715764017937223,0.660428100354674,-0.6379199310712089,0.11355237033091395,0.35621405017733704,130.36785699827664,-9.115748634583014,-1.0
420,True,True,True,True,0.2202262912354399,0.3451540594770338,-0.4740691254591245,0.1658033676732903,0.1985770297385169,-123.94066901996256,-14.46231158693728,-1.0
421,True,True,True,True,0.3099437160954926,0.3140214488498962,0.17581325224587774,0.5694971928198198,0.1830107244249481,91.44196629962511,-10.221356198321402,-1.0
422,True,True,True,True,0.43283001451173453,0.47630257091770134,-0.34843318622932035,0.09795357858329265,0.2641512854588507,-104.67220322173456,-7.300350138692938,-1.0
423,True,True,True,True,0.21250125671180095,0.7013287208512831,-0.5522764908496057,0.41040260402611134,0.37666436042564155,-154.50860684075323,-15.000175201717973,-1.0
424,True,True,True,True,0.558578320555096,0.5605990166880185,-0.6315857436701593,0.6739336480714728,0.30629950834400926,66.5917867488615,-5.650742493799267,-1.0
425,True,True,True,True,0.3206927646128891,0.23382280480436785,0.45199641536777335,0.7372831007203813,0.14291140240218392,19.068702583577362,-9.875259645692903,-1.0
426,True,True,True,True,0.44997829323419686,0.5779772355259403,0.6314841197568741,0.6343956746438828,0.31498861776297016,10.021037818306496,-7.020711114047061,-1.0
427,True,True,True,True,0.4619308253133663,0.22114387723487205,0.6460761169389184,0.7321847199446798,0.13657193861743602,19.340529819117734,-6.83816992695076,-1.0
428,True,True,True,True,0.21527915322926053,0.2030320491732984,-0.665707783798476,0.510704090656654,0.1275160245866492,117.15875385088003,-14.80216192631745,-1.0
429,True,True,True,True,0.28107720599996355,0.5505894805435371,-0.15094147532974733,0.4332994100061912,0.30129474027176856,165.56798275743472,-11.284203158602471,-1.0
430,True,True,True,True,0.3142977279734608,0.585919145356524,-0.08328516943803166,0.4477825741746545,0.318959572678262,146.6751751082914,-10.07826883897579,-1.0
431,True,True,True,True,0.26747856921605906,0.7304997900858519,-0.16002285200506794,0.6290620749669462,0.39124989504292595,70.33147140502913,-11.866026932194147,-1.0
432,True,True,True,True,0.3916713303254431,0.6619019193967919,0.24306643296096786,0.37545496379814297,0.35695095969839596,130.0284067486263,-8.072373924764959,-1.0
433,True,True,True,True,0.2525374413810657,0.3787131294511247,-0.6879722827382926,0.24338548696617587,0.21535656472556233,78.75539483158843,-12.579232071609422,-1.0
434,True,True,True,True,0.4197435789278998,0.5466758629314024,-0.5483123558445693,0.6899373453845693,0.2993379314657012,50.849750940024705,-7.529253649847054,-1.0
435,False,False,True,False,0.4041272878004787,0.6824956403356999,0.24920392126469415,0.21299809873872003,0.36724782016784996,126.44585363833232,-7.821985660570433,-1.0
436,True,True,True,True,0.28651742193470625,0.5032687602209416,0.5584882890977736,0.1941224923012054,0.2776343801104708,109.96430138908545,-11.067213275812605,-1.0
437,True,True,True,True,0.28671403294227393,0.6230771021252111,0.4894393493381828,0.15166192541522253,0.33753855106260555,93.82350154691392,-11.059528340166567,-1.0
438,True,True,True,True,0.3522540939706667,0.20454807681164755,0.25156469372780554,0.731902268400578,0.12827403840582377,14.272799312165262,-8.98276135467429,-1.0
439,True,True,True,True,0.28139991284823523,0.7451341291092364,0.1723894835910823,0.722715715784942,0.3985670645546182,62.19975392704751,-11.271092886148232,-1.0
440,True,True,True,True,0.3086798172221153,0.29378356938483896,0.337457933024641,0.6280040986845492,0.17289178469241948,-23.17235191580923,-10.263660376565559,-1.0
441,True,True,True,True,0.31112412019227575,0.6764915656093882,-0.3451495079931692,0.7318624848440156,0.3642457828046941,63.5786846428945,-10.182162116220699,-1.0
442,True,True,True,True,0.3417473882353333,0.7051536111150298,0.5526044362463041,0.41278696323970165,0.37857680555751494,9.658609782881825,-9.261321296384931,-1.0
443,True,True,True,True,0.43687939491241734,0.22554201162585488,-0.6511469246017955,0.6598544799430335,0.13877100581292745,63.05635473547423,-7.23232069438777,-1.0
444,True,True,True,True,0.3829923677134611,0.607931078245436,-0.6239903580652575,0.5036285073913841,0.32996553912271803,90.30223559771719,-8.256563768361646,-1.0
445,True,True,True,True,0.43767613334382194,0.39424408274986145,0.14292635374579055,0.5646615036947115,0.22312204137493072,106.6190921713573,-7.219084917634009,-1.0
446,True,True,True,True,0.3111470823559642,0.3051323348535934,0.008299591642465964,0.5860283478042492,0.1785661674267967,165.9200306433043,-10.1814026779652,-1.0
447,True,True,True,True,0.34621890502412994,0.5775274178932011,-0.7120770923466917,0.08032732045833296,0.31476370894660055,-175.82845012370515,-9.140676552898036,-1.0
448,True,True,True,True,0.3238546103922143,0.3580873817714926,0.2352120828229538,0.46734675098076517,0.20504369088574628,132.25343277110431,-9.777894029417576,-1.0
449,True,True,True,True,0.32753798705141,0.5884707102282585,-0.53609418247431,0.11054566485766046,0.32023535511412926,-159.6352969379938,-9.666873699740385,-1.0
450,True,True,True,True,0.2490667288409117,0.5027932685547398,-0.5812251921511741,0.7236269579825629,0.27739663427736994,111.26894236013152,-12.757455991553455,-1.0
451,True,True,True,True,0.5943191686679155,0.23474043791684984,0.6551586333677804,0.6774882586409017,0.14337021895842492,22.124297904108715,-5.309913374299262,-1.0
452,True,True,True,True,0.410748382409153,0.4616717334387591,0.5486211916173689,0.463235667731162,0.2568358667193796,20.66683722518195,-7.695128461917168,-1.0
453,True,True,True,True,0.37050862443229327,0.5027107347563322,0.7401320071208046,0.6494797190500873,0.27735536737816613,-23.189866211888187,-8.53679889104064,-1.0
454,True,True,True,True,0.2845868518155783,0.36073487823488076,0.6354708378773148,0.6689759873203651,0.20636743911744038,17.132512104101124,-11.14324840641093,-1.0
455,True,True,True,True,0.32541405689539155,0.6540269152545224,0.6186987752908977,0.6083693182251889,0.3530134576272612,-22.965590623502806,-9.73057959978607,-1.0
456,True,True,True,True,0.35145687155354194,0.5413838395640364,0.3019506935209124,0.3130625569114841,0.2966919197820182,122.20924164953817,-9.003306463754374,-1.0
457,True,True,True,True,0.2024383407761189,0.7728711138220432,-0.5159969376629416,0.30462390162571823,0.41243555691102163,145.71714486888533,-15.764717427763323,-1.0
458,True,True,True,True,0.24694133871749302,0.5118875545072654,-0.1834246862924387,0.7237571792135874,0.28194377725363273,88.80691247883027,-12.869133651020611,-1.0
459,True,True,True,True,0.27495726339373555,0.5719699547652912,0.451992097353479,0.3737745577866418,0.31198497738264563,-9.945325480235681,-11.538776862759011,-1.0
460,True,True,True,True,0.3706385514329959,0.36160447821384756,-0.5801611164167662,0.4270622630867881,0.20680223910692377,81.469064432023,-8.533783993003055,-1.0
461,True,True,True,True,0.24169706333344837,0.6665929456936176,-0.11409951129788287,0.4834923457811713,0.3592964728468088,161.38193272214994,-13.153319079433787,-1.0
462,True,True,True,True,0.3691629365443512,0.3975089330572925,0.10581415444481024,0.7243485679491025,0.22475446652864625,33.00843801100021,-8.568151207249938,-1.0
463,True,True,True,True,0.3234250467835271,0.3606300807913044,0.47619866143336065,0.5469359438850012,0.20631504039565218,-2.9638633915141384,-9.791008558221474,-1.0
464,True,True,True,True,0.4713028798723548,0.3788121984273457,0.25117613861808197,0.29578671632008,0.21540609921367285,130.9105584037041,-6.701560126891898,-1.0
465,True,True,True,False,0.2933001638375289,0.7271324369034482,-0.6217412246590754,0.3960082654517869,0.3895662184517241,104.65489994994823,-10.808159741482237,-1.0
466,True,True,True,True,0.23997993435869136,0.36199323457794796,-0.7089441701118149,0.040185202519055,0.20699661728897398,-139.95624362056498,-13.24914279781779,-1.0
467,True,True,True,True,0.2822968473754946,0.686629035399488,-0.04446920094804763,0.5609467754027209,0.36931451769974405,130.98584879606142,-11.234814613568261,-1.0
468,True,True,True,True,0.45278196497216366,0.46008994619293636,-0.6074646330469515,0.5799356531267736,0.2560449730964682,97.77163236174039,-6.977021314984823,-1.0
469,True,True,True,True,0.30060067518265876,0.3583799692394726,0.5065384967627977,0.6509589330408414,0.20518998461973628,11.038571041789112,-10.542626365894712,-1.0
470,True,True,True,True,0.31621072233224773,0.3022926324163738,0.49638295425206946,0.4070691776869224,0.17714631620818688,60.24105471872076,-10.016667048443843,-1.0
471,True,True,True,True,0.3199551467053208,0.21785963502484448,-0.02132783157080742,0.7297237677097583,0.13492981751242225,26.92848138821904,-9.898254813172992,-1.0
472,True,True,True,True,0.4195689637379278,0.30466764192569373,0.5174403184893155,0.5847986531162485,0.17833382096284686,34.587648945160225,-7.532405330379691,-1.0
473,True,True,True,True,0.2396749599941572,0.434758199549668,0.08863457764981064,0.5441014122542867,0.243379099774834,52.24434707131883,-13.266309337862408,-1.0
474,True,True,True,True,0.21601234686673157,0.7843459623454001,-0.15076918799112415,0.5938881814171958,0.4181729811727001,130.9859006474287,-14.750777768857294,-1.0
475,True,True,True,True,0.3103364143694393,0.217538641200697,0.6584791117305069,0.7420417817232657,0.1347693206003485,4.197161795906339,-10.208283430570335,-1.0
476,True,True,True,True,0.30330194765530893,0.7398207509080761,0.055805428092467135,0.6727639393132473,0.39591037545403807,90.04679234211397,-10.447671838229756,-1.0
477,True,True,True,True,0.41789188729051174,0.7668881320988601,0.7005629793992494,0.4602809869385456,0.40944406604943007,-34.52820758331521,-7.5628106789344525,-1.0
478,True,True,False,True,0.27548750294258173,0.7530246895264303,-0.7394627089926191,0.22377235873351198,0.4025123447632152,175.51576331023352,-11.516263512494163,-1.0
479,True,True,True,True,0.31734251771569033,0.2697416023564495,0.5409269588479564,0.5023209635776514,0.16087080117822475,46.868568550790485,-9.980576366273905,-1.0
480,True,True,True,True,0.3288053549166797,0.25808423546132486,0.48703146917838347,0.5712222077040738,0.15504211773066243,57.20226793986453,-9.629257573161889,-1.0
481,True,True,True,True,0.22689072553633777,0.3594706636725319,0.11670984196886602,0.3144251155414717,0.20573533183626594,154.63937853640908,-14.028673111620268,-1.0
482,True,True,True,True,0.378469922672564,0.6525399597715092,-0.056991959776361845,0.3380098738850368,0.35226997988575465,166.6046884649174,-8.355925001676892,-1.0
483,True,True,True,True,0.3435545588313872,0.6781191948894643,0.3766744987961097,0.5303428172265103,0.36505959744473215,42.04001070793964,-9.212179427512405,-1.0
484,True,True,True,True,0.24883507495883103,0.6251342752750764,-0.3134478623616623,0.7114390318216343,0.3385671376375382,45.723512493580984,-12.769533119862073,-1.0
485,True,True,True,True,0.3499877824835821,0.7622035262947455,-0.29210603207962427,0.7085285652598604,0.4071017631473728,66.95579355919119,-9.041414404898633,-1.0
486,True,True,True,True,0.2394515585677368,0.6892537702984561,-0.3622925299815749,0.4751223723134287,0.3706268851492281,-159.82246693151131,-13.278912781904967,-1.0
487,True,True,True,True,0.32837304405215195,0.32628632797517687,-0.6877923670888684,0.41371960197935254,0.18914316398758843,98.73551752651423,-9.642055679735682,-1.0
488,True,True,True,True,0.3818468622125536,0.7251934248784786,-0.41024996415910486,0.6240837130958595,0.3885967124392393,48.19477124410349,-8.28150637661613,-1.0
489,True,True,True,True,0.2223786079652773,0.413739797197158,0.4618579612062783,0.26412398641959434,0.23286989859857898,-30.437538237336128,-14.319331791152928,-1.0
490,True,True,True,True,0.22742179797788575,0.4909064374084913,-0.23109161621325236,0.5143968638155961,0.27145321870424566,83.37020274793338,-13.995245237820377,-1.0
491,True,True,True,True,0.41783525383515985,0.22114734683073353,-0.5140356466770631,0.6153883225664447,0.13657367341536678,73.5706381904624,-7.563841739695836,-1.0
492,True,True,True,True,0.5914630516484818,0.6545094121956267,0.6340582883669352,0.698436817218707,0.3532547060978134,-10.186733900108464,-5.335628623178502,-1.0
493,True,True,True,True,0.3786509565487896,0.26877039431797706,0.7314892695447508,0.3487962638112567,0.16038519715898852,-33.988927831811395,-8.351901469876653,-1.0
494,True,True,True,True,0.5223804856388584,0.6200773197255396,-0.36773268520631397,0.03356370345072529,0.3360386598627698,-118.16347587980977,-6.043715980506328,-1.0
495,True,True,True,True,0.41038169907599154,0.2769741051697748,0.6289615303044278,0.44776746031208037,0.16448705258488738,9.537077053665769,-7.702045894033629,-1.0
496,True,True,True,True,0.3219642212462415,0.29831753894763263,0.7370161233785586,0.6501353952301876,0.1751587694738163,-3.4328144955600237,-9.83587317825247,-1.0
497,True,True,True,True,0.2972524468418593,0.3430995753657765,0.10512447079841003,0.5349366215222944,0.19754978768288825,143.8482180958186,-10.662759815125991,-1.0
498,True,True,True,True,0.342775888369319,0.6683055630204344,-0.520272248755963,0.453522607529455,0.36015278151021723,135.8019026607364,-9.23328921601744,-1.0
499,False,False,True,False,0.2526913470030456,0.7335959120167344,-0.21063099186596734,0.5162198964644681,0.3927979560083672,-174.77709340384928,-12.571445090141824,-1.0
